Type,Value
sha256,989373f2d295ba1b8750fee7cdc54820aa0cb42321cec269271f0020fa5ea006
sha256,32c40964f75c3e7b81596d421b5cefd0ac328e01370d0721d7bfac86a2e98827
sha256,3e3effa0388f362e891ccf6f9169f9fb9627698bea5fefa57084353603502886
sha256,528f4d63c5abcfd137569e2dda49b5730432fb189ef2263cd6e7222cbb6ccb75
sha256,91526246682b47e5f4e396130f2ff93943fbdcaf742262345fb35ae950f1d2b2
sha256,26881615e121584b8814916d2f0228de97439cf6b654fca58b2228ff893fcfbc
sha256,92687d1f47244d3a1d7b02fbccf389b9819fd7cc3a31036ae30c2d4d88a3f266
sha256,9fcb7dea92ad0fe5fa6d6a5a5bd47caea5d3bc44aee247a001fcefdc56500111
sha256,7bf2aaf5f82ba5ed834b6ee270e4a7326a191985ea6cc27bdaba17816d1f2ca9
sha256,d3677394cb45b0eb7a7f563d2032088a8a10e12048ad74bae5fd9482f0aead01
sha256,ebf2ec38ed0c4cd05aaae1bdb4af862294d8bd874f7830c42f6905e94de239cf
sha256,0ec131ca6fae327202577473137462086b3ce3130896fd8d8db69247ac720f04
sha256,87ccd1c15adc9ba952a07cd89295e0411b72cd4653b168f9b3f26c7a88d19b91
sha256,cc7120942edde86e480a961fceff66783e71958684ad1307ffbe0e97070fd4fd
sha256,1a996d98ab897bbc3a0249ea43afaf841b31396be7cbe61b443a58d1c9aab071
domain,criticimfreedom.site
domain,megamodel.studio
domain,instructables.live
domain,instructables.service
domain,outlookmicrosoftonline.com
domain,nirsoft.app
domain,nirsoft.ink
domain,mentalfloss.live
domain,myfridgefood.live
domain,transportorganizationil.shop
domain,metatransfer.online
domain,msofficesign.com
domain,fastanalytics.live
domain,prostatistics.live
domain,fastanalizer.live
domain,cdnpakage.com
domain,europetourtravels.world
domain,europetourtravels.link
domain,oauth2.online
domain,oauth2.live
domain,loginlive.formsmicrosoftoffice.com.oauth2.live
domain,login.microsoftonilne.com.oauth2.online
